{
    "drinks": [
      {
        "strDrink": "Absolut Summertime",
        "strDrinkThumb": "https://www.thecocktaildb.com/images/media/drink/trpxxs1472669662.jpg",
        "idDrink": "14107"
      },
      {
        "strDrink": "Downshift",
        "strDrinkThumb": "https://www.thecocktaildb.com/images/media/drink/y36z8c1503563911.jpg",
        "idDrink": "16991"
      },
      {
        "strDrink": "Pink Panty Pulldowns",
        "strDrinkThumb": "https://www.thecocktaildb.com/images/media/drink/squsuy1468926657.jpg",
        "idDrink": "13535"
      },
      {
        "strDrink": "Vodka Slime",
        "strDrinkThumb": "https://www.thecocktaildb.com/images/media/drink/apex461643588115.jpg",
        "idDrink": "178362"
      }
    ]
  }